0,1,labels
-0.8656212,1.2291083,10.0
2.0543032,0.3991015,9.0
-1.5188743,0.009856459,3.0
2.256427,0.72655934,9.0
1.8776232,0.2774081,9.0
-0.3531228,0.1102276,10.0
-2.1577713,-1.5284163,1.0
-0.2454867,-0.15355712,10.0
-0.804804,-1.4548504,10.0
-0.21744685,0.949332,0.0
1.4702321,0.68456,5.0
1.0263696,-0.37804416,10.0
-2.5349936,0.010327025,10.0
0.11642815,-1.6814241,10.0
1.0971729,-0.89303446,7.0
-1.6455814,0.2354663,10.0
-1.6526631,-1.5135949,1.0
1.0754156,0.6396075,10.0
-0.64393085,-0.34010807,10.0
1.2575653,1.5684009,10.0
0.39158252,0.70347255,10.0
-4.1628394,-1.3478546,4.0
2.3301678,0.077117905,9.0
0.18585686,1.4839746,10.0
2.5490441,0.4027319,9.0
1.512109,-3.7127612,10.0
-0.96191853,0.18248704,3.0
-1.0481452,-1.026204,10.0
-1.1615912,-1.2838224,10.0
1.0437164,0.8198782,10.0
-1.0468806,1.157164,0.0
1.4045271,0.43190226,5.0
1.6803994,0.44772878,9.0
1.8878901,0.0060389633,9.0
-0.36456627,1.6556524,10.0
1.8552674,-2.8080492,6.0
-0.23648146,0.67469037,10.0
-0.28232875,1.3172102,0.0
0.83329266,-1.0098646,7.0
-0.033741824,0.22206475,10.0
1.9042882,-2.5823674,10.0
-0.81186813,1.5931637,0.0
1.9360039,-0.4874294,10.0
-1.1436431,0.11762197,3.0
-0.09023357,-0.26276377,10.0
0.29088393,1.6129422,0.0
2.0542254,0.7139547,9.0
1.949565,-2.957268,6.0
-1.043811,0.046362244,3.0
-4.170383,-1.6487517,4.0
1.1371421,-1.3367337,7.0
0.505025,-0.2489043,10.0
2.0014648,0.63990283,9.0
0.25263909,1.7298888,10.0
1.7973763,-2.5717382,6.0
0.57821435,-0.58819866,10.0
2.0609794,-3.159403,6.0
-1.419285,1.0825274,10.0
1.4541162,-0.06645678,5.0
1.6764605,1.1477176,5.0
-0.8275631,4.331171,2.0
-2.752805,2.1668808,10.0
1.0874146,-0.714532,10.0
-0.41616505,1.3171744,0.0
-0.9032113,4.3509254,2.0
-0.83993113,0.073842354,10.0
1.4515207,0.5598154,5.0
-0.06896884,-0.27249455,10.0
0.050028965,1.9930855,10.0
1.703701,0.27011883,5.0
0.22947161,0.16485688,10.0
-1.892526,-1.6683807,1.0
0.9268223,-0.8486459,7.0
1.1548231,0.4336813,5.0
1.3400327,0.2964775,5.0
1.0206292,0.32074475,10.0
-1.8920583,-1.7552936,1.0
-3.2903614,0.6415726,10.0
-0.21383852,1.0300943,10.0
-3.9618263,-1.8626549,4.0
-1.8324817,-0.67951995,10.0
-2.0771008,-1.4553599,1.0
-0.8770545,-2.5518875,10.0
1.1373478,-1.1525683,7.0
-1.0415249,-0.31016806,10.0
1.945667,-2.4400108,6.0
1.7201136,-2.967221,6.0
1.5711179,-3.1952732,6.0
-1.8636386,1.1671999,10.0
1.6126744,-0.53450656,10.0
-0.48344263,1.4368666,10.0
2.6674154,-0.31112614,10.0
0.93314755,0.75193006,10.0
-0.9958477,3.9953394,2.0
1.9974165,-2.5126219,6.0
1.0790284,-1.1005454,7.0
-1.4107041,-0.9481422,10.0
-0.4710451,-0.8072883,10.0
-1.5241386,1.2493721,10.0
0.12935403,-1.1304053,10.0
-1.7747658,-1.5939475,1.0
-1.2254838,-1.5086101,10.0
1.9087722,0.33643124,9.0
0.50336564,0.15354283,10.0
0.6195908,0.73762095,10.0
-3.8677702,-1.9802234,4.0
-1.1913826,0.022180075,3.0
1.7871916,-0.47055867,10.0
3.3727143,-0.9794849,10.0
-4.3953156,-1.6383657,4.0
0.23457278,0.37888464,10.0
-0.9519624,0.2515796,10.0
1.4676418,-0.62130684,8.0
-1.5299014,4.3312483,2.0
2.4785388,0.98031694,10.0
1.4167686,-1.0105217,8.0
0.7857633,3.001822,10.0
-1.7463415,-1.4346106,1.0
-4.093657,-1.6350368,4.0
1.1451676,-0.7561199,8.0
1.6697103,-0.07881107,10.0
1.3727232,-0.8325953,8.0
1.6570324,-0.92775285,10.0
-0.29610318,1.7707199,10.0
1.5880595,-2.6082952,6.0
2.1363168,-0.25600654,9.0
1.4502213,-2.5183861,6.0
1.0247477,-0.65249974,8.0
0.39561662,2.0783834,10.0
-1.1868054,4.148579,2.0
0.075257845,2.350484,10.0
1.8550664,-2.5365782,6.0
-1.7235515,-1.6112399,1.0
-1.1410822,-0.19406255,10.0
0.55285066,-1.1603705,10.0
0.43479308,2.771362,10.0
-0.6043792,1.4446315,0.0
1.0070556,0.860357,10.0
-1.3891366,-0.12169153,3.0
1.086874,1.1987346,10.0
-0.0841129,1.7345707,0.0
-0.3253235,0.19277142,10.0
0.016377255,0.53178567,10.0
0.20803395,1.323895,0.0
-2.3725863,-1.1284425,10.0
-1.0705743,-0.6704523,10.0
-0.22561133,0.8622412,10.0
-1.308967,4.117054,2.0
-1.6361065,4.5548034,2.0
1.981976,0.07114886,9.0
-0.034158237,1.2398137,10.0
-1.8235569,-0.4280879,10.0
0.82045364,-0.80995566,7.0
0.55029106,0.83417434,10.0
1.027832,0.95738775,10.0
-1.0409895,0.89021575,10.0
-0.5029615,1.9664773,10.0
-0.13140522,1.8056422,0.0
2.2247176,-0.6312814,10.0
1.3928653,-1.1216668,8.0
-0.2934021,1.8171164,0.0
1.2786814,-0.54736435,8.0
-1.9049374,0.1507976,10.0
-2.0054648,-1.3059045,1.0
-4.5309896,-1.7136047,4.0
0.0049397014,1.7266178,0.0
1.3918867,-1.2912365,10.0
-1.8070138,-1.9420602,10.0
0.5223884,-0.5730329,10.0
-4.0547085,-1.8329358,4.0
-1.6019514,-1.0468177,1.0
-1.1117268,-0.2995031,10.0
-2.0792828,-2.2398155,10.0
0.43590385,1.019886,10.0
-0.046767227,1.6968634,0.0
-0.117600456,1.257285,0.0
1.6004264,0.34593517,5.0
0.5546395,1.8463545,10.0
2.269947,-0.25262934,9.0
-1.0030189,-0.6092973,10.0
-1.1037118,-0.39228266,10.0
1.9383712,-2.2087834,6.0
-0.21794389,1.4062473,10.0
1.0461711,-1.1182201,7.0
-2.3082142,-0.5587128,10.0
1.2271174,-0.3652665,10.0
-1.6841478,-1.409449,1.0
0.49612096,1.6003836,10.0
-4.1086264,-1.7718397,4.0
-1.5618048,-1.8096163,1.0
-0.31927055,0.108897254,10.0
2.007242,0.68342006,5.0
1.287968,-0.71075165,8.0
1.4048545,0.45074314,5.0
-2.2176611,1.612927,10.0
1.9824688,0.1896486,9.0
-1.5104282,3.8606324,2.0
1.8181155,-2.82742,6.0
-1.9738812,-1.7913475,1.0
1.243753,-1.3710618,7.0
-0.9888969,-1.8915186,10.0
0.71688914,-3.0802662,10.0
-0.64260405,1.5997435,0.0
0.72204626,-0.76003677,7.0
-2.106284,2.2881744,10.0
-0.45411262,1.2869936,0.0
-0.20889382,1.9972801,10.0
-1.393738,-1.592137,1.0
-0.98624617,1.009076,10.0
-0.71034074,1.6918459,0.0
1.9548714,-2.2682886,6.0
-2.8395221,0.50729346,10.0
-0.070394516,0.6137715,10.0
-0.614607,-2.024144,10.0
-0.97920424,2.7176867,10.0
-1.4437605,0.013967853,10.0
-1.0966891,-1.3614565,10.0
-0.11063392,-0.9555489,10.0
-0.007555442,-1.2930897,10.0
1.5054455,0.97164524,5.0
-1.2995491,0.89354515,10.0
0.32338122,0.9893999,10.0
-1.7318255,-0.7359653,10.0
-0.9862567,3.9050095,2.0
-1.0438951,0.31973198,10.0
1.1493756,-1.2118651,8.0
-0.16649824,1.4059451,10.0
-0.40500385,1.15292,10.0
2.217095,-3.0010822,6.0
1.9957877,0.43910375,10.0
-1.7794013,-1.7714145,1.0
0.078558624,1.4953012,0.0
0.23400815,1.0304171,10.0
1.8176575,-1.059481,10.0
1.4412187,-0.5372211,8.0
-0.81969994,-0.25554058,10.0
-0.97112375,4.111543,2.0
1.779425,0.5842343,5.0
-0.9824532,0.84932494,10.0
-2.095575,-0.27760074,10.0
0.65521324,-0.8453281,10.0
1.9934912,-2.5406456,6.0
-0.05055878,1.5943292,0.0
2.0899055,0.86411995,9.0
-1.2278059,4.1366158,2.0
-0.8965411,-0.17488593,3.0
-1.7507198,0.59794074,10.0
2.1554601,-2.3513174,6.0
1.5823591,-2.9465592,6.0
2.0359483,0.4558372,9.0
0.03886647,0.4745915,10.0
-0.079198845,1.8626846,0.0
2.2402887,0.45674288,10.0
-2.1607823,-1.1908423,10.0
1.2160755,-0.8180979,8.0
-1.1340969,0.25999784,10.0
1.0151383,-0.8822001,7.0
0.9011443,0.745693,10.0
1.3006288,-0.7868036,8.0
1.7806923,-2.7436962,6.0
2.1626198,0.16266309,9.0
-1.5312557,0.47972453,10.0
0.8607513,-0.37665424,10.0
-4.2990046,-1.9167484,4.0
-0.7860723,4.1727147,2.0
-0.02125211,-1.1704526,10.0
-0.12776996,2.9625256,10.0
2.4829025,0.6141656,9.0
1.4340302,-0.2539604,7.0
-1.297592,-0.08301818,3.0
1.4556894,-0.77967197,8.0
-0.88939583,0.6525929,10.0
0.043422814,0.5740211,10.0
0.24929513,-1.9958277,10.0
-1.8575615,-1.6656362,1.0
0.040883735,1.5435231,10.0
0.24874726,0.25178975,10.0
-1.1246433,0.084080406,3.0
1.6975892,0.5297989,10.0
-0.11533786,-0.5334811,10.0
3.6914167,-0.99587476,10.0
-0.92702824,1.6714936,0.0
1.8537506,0.14176527,10.0
1.1191871,-0.7502846,10.0
0.85638654,-1.0147603,10.0
0.5348645,2.1615574,10.0
0.693983,-1.5032848,7.0
-3.6816156,-2.0356088,4.0
1.5742227,0.85382456,5.0
1.3080201,-0.98683304,8.0
-1.4244994,-1.4394796,10.0
-1.0671357,-0.21501803,10.0
1.93273,-1.7324976,10.0
-3.9379172,-1.5410854,4.0
1.5925064,0.15130648,10.0
0.75404465,-0.6011367,10.0
0.68458736,-0.6704415,10.0
-0.28740168,1.6230826,10.0
-0.7745002,4.62544,2.0
-0.9734712,2.9287271,10.0
-1.3725883,0.33707577,10.0
-0.78929925,4.4524593,2.0
-3.3770363,2.716469,10.0
2.0610158,-2.7436957,6.0
0.18865187,1.3810188,0.0
-0.23037463,1.4441457,10.0
0.88149947,-0.6540344,10.0
2.6754148,-0.7953524,10.0
-1.2877216,4.030663,2.0
1.4483311,0.6432941,10.0
0.08513316,-0.68842906,10.0
0.96035147,-1.9501177,10.0
0.16223761,0.16567539,10.0
2.3724039,-0.23382574,10.0
-1.4477757,-1.6780297,1.0
0.062076487,1.6210938,10.0
1.5615671,0.45484737,9.0
2.5292082,2.5409055,10.0
-0.675257,-1.5067309,10.0
-3.8773985,1.4976323,10.0
1.9023501,0.9697141,10.0
1.428642,-0.48262033,8.0
-2.4332871,-1.3554444,10.0
1.6732413,2.0141573,10.0
1.7651404,1.3761579,10.0
-0.6140927,0.032117028,10.0
1.3392384,-0.43213665,8.0
-0.54242927,1.2539537,10.0
-0.08833545,-2.2724228,10.0
1.6946616,1.106513,9.0
-1.3242522,0.15479505,3.0
1.5055417,-0.9045151,8.0
-1.2560507,-0.0755753,3.0
-4.0034757,-1.1705393,4.0
0.18655126,-0.807223,10.0
1.8582015,0.03162473,9.0
0.8137118,-1.2071538,7.0
-0.6749987,-0.31472534,10.0
0.4397055,2.9419138,10.0
2.3335657,0.12179844,9.0
-0.8068582,-1.489945,10.0
-0.8010103,0.93947756,10.0
2.144779,0.22812533,9.0
0.61972904,1.4785428,10.0
-0.0732896,0.8187869,10.0
-0.91484296,0.050949,3.0
2.2771351,0.43796265,9.0
0.0476553,0.35489032,10.0
-0.35206652,1.7692595,10.0
-0.7199634,1.161727,10.0
1.1949356,0.971973,10.0
0.8635591,-1.2627758,7.0
-0.032941002,1.6255131,0.0
-1.0621908,0.5460564,3.0
0.80328655,-2.1580925,10.0
2.3664787,0.5534231,9.0
-0.5188025,-1.8125408,10.0
0.9366898,-1.1804231,7.0
0.21930046,1.2785695,10.0
-4.3154597,-1.5048977,4.0
1.683317,-2.5839875,6.0
-0.23917761,-2.0192473,10.0
2.2302725,0.6730925,9.0
0.011752271,0.8864167,10.0
1.6096283,-0.27463466,10.0
-0.29284868,-0.47516316,10.0
-0.34261099,1.1190858,10.0
-0.04388525,-0.542777,10.0
1.9782033,0.24209075,9.0
-4.1241236,-1.2976474,4.0
1.5334712,0.99593437,5.0
-0.49942604,0.08818355,10.0
1.6635233,0.5040193,5.0
-0.8675562,4.2477093,2.0
1.590214,0.69908077,5.0
-0.3723577,0.17548746,10.0
-0.3000096,1.799172,10.0
1.6077952,-2.8632424,6.0
-1.997883,-1.9765764,1.0
-1.6634656,0.010083328,3.0
0.8390083,1.5406952,10.0
0.89785606,1.4281856,10.0
-4.780282,-1.9300596,4.0
1.5609236,-2.9665947,6.0
-0.8001885,4.2857037,2.0
-0.18814215,-0.57559526,10.0
0.8668537,0.2952673,10.0
0.79256123,-0.9102208,7.0
1.3392472,-0.82094276,8.0
0.40015224,-1.2073607,7.0
2.0224257,2.0307233,10.0
0.75385195,-0.5441066,10.0
-4.274955,-1.7649928,4.0
1.7377899,-3.0685966,6.0
1.390506,0.6248553,10.0
0.33307707,1.5779524,10.0
-1.699997,0.54834616,10.0
-3.9996595,-1.6229258,4.0
-0.82240504,-0.579001,3.0
-0.24407125,1.4855543,0.0
1.6192994,0.59380865,5.0
1.2505288,-0.02658326,10.0
1.861766,-0.15603577,10.0
-0.3238991,0.083778925,10.0
2.6732142,0.022695739,9.0
-1.1989276,4.1566315,2.0
2.3832219,0.49411795,9.0
-0.10128207,-2.2126908,10.0
1.5161076,0.59219795,5.0
-0.5378309,1.4546711,0.0
1.137631,-0.23651654,10.0
1.5494921,-0.42037514,8.0
2.565064,-2.9174538,6.0
2.5597723,0.9312588,10.0
1.2998815,1.5144906,10.0
-0.3564709,-1.9012667,10.0
-0.10324604,1.4336334,0.0
1.6127278,-0.6992538,8.0
1.6581602,0.26237682,10.0
-2.4274726,1.7079492,10.0
2.1869073,-0.41284576,10.0
-1.3314273,3.8173356,2.0
1.4458696,-1.1985435,8.0
1.1786026,1.1278204,10.0
-3.2462516,-1.7653662,10.0
-0.32950124,0.014934774,10.0
0.5418233,-1.3903917,10.0
-1.7932084,-1.3762487,1.0
0.24952228,2.6794384,10.0
-0.32477468,1.2567167,10.0
1.9741141,-2.8258739,6.0
2.4037313,0.40851167,9.0
-0.21104799,2.165633,0.0
1.1751646,-1.0650373,8.0
-2.211215,-0.41480222,10.0
1.7505331,0.67675275,9.0
-0.94589305,0.046285942,10.0
1.7338892,0.90466696,5.0
-1.1337347,4.6143594,2.0
-0.6715463,1.2614259,10.0
0.932829,2.0879145,10.0
0.2523651,0.53728396,10.0
-0.6668115,-1.0557218,10.0
-0.72487444,0.23515326,3.0
-1.8065795,-1.6422087,1.0
-1.1107402,0.9401842,10.0
1.9353501,0.91183996,10.0
-1.4946845,0.37476355,10.0
-1.861381,-2.1397572,1.0
0.47996148,-0.92383444,7.0
-1.7458842,-1.6871284,1.0
-0.72244567,-0.24545531,10.0
2.1599061,0.7808198,5.0
-0.38874325,-0.48391232,10.0
-1.2818016,-0.21799883,3.0
-0.3815782,1.4027729,0.0
1.8924643,-2.7379546,6.0
1.5328853,0.480548,10.0
-0.4626049,1.1995481,0.0
-0.42084953,1.6710182,0.0
-0.36094454,0.9023916,10.0
-0.6683348,0.9981606,10.0
-1.4721321,4.423428,2.0
1.0664403,-0.82581127,10.0
1.1434493,-1.1946747,10.0
-0.05630284,0.61975616,10.0
0.28775167,-1.0644196,10.0
-1.0077348,-0.11806006,3.0
1.7478411,-2.3565307,6.0
-0.2731433,1.1973747,0.0
-3.726549,-1.3492479,4.0
-0.20784965,1.7682508,0.0
2.9894474,-1.155051,10.0
-2.5075424,1.1126721,10.0
-1.2423639,3.9721198,2.0
1.1043968,-0.1338446,10.0
0.2855322,1.1692799,10.0
-0.52484155,-1.2961799,10.0
2.8504853,0.12488654,9.0
1.3359194,2.081623,10.0
1.7062552,0.8761683,5.0
0.010245371,1.3529512,0.0
-3.3153539,-1.7710525,4.0
2.223804,0.8891987,9.0
-1.9672548,-1.7893876,1.0
-1.781042,2.4526339,10.0
0.028650561,0.3121387,10.0
-1.9660006,-1.6267982,1.0
-0.13265823,1.3509214,0.0
-4.0330014,-1.8964614,4.0
-2.1432781,-1.677984,1.0
1.0823336,-0.10246653,10.0
-0.7898816,-1.537189,10.0
0.3174139,-0.4093935,10.0
-1.0747237,-0.060047023,3.0
-0.84164405,0.7825166,10.0
-0.30870315,1.8510089,10.0
1.3348293,1.2265632,5.0
-4.321288,-1.5132513,4.0
1.0686688,-1.1556467,10.0
-0.97276115,-0.7480516,10.0
-0.50294054,-0.6297698,10.0
1.5452064,0.34693485,10.0
-0.420286,0.92647356,10.0
-1.0711099,4.4763856,2.0
-0.08064906,1.3242496,0.0
-0.83087146,-0.40979913,10.0
0.40087807,-1.6922913,10.0
0.043978795,1.496196,0.0
-1.1293367,0.24678814,3.0
1.5505512,-2.8006227,6.0
1.301939,0.6934466,5.0
-3.667444,0.2755175,10.0
1.5074018,0.972218,10.0
-0.11016866,0.27428228,10.0
1.8937172,0.6014171,9.0
-0.1498223,0.9089886,10.0
0.21176481,-0.87496245,10.0
1.340899,-0.66497004,8.0
0.25368604,0.8166214,10.0
-0.94313526,0.20195349,10.0
-0.48017275,2.8182287,10.0
-1.5922146,-1.5422744,1.0
1.869029,0.75850445,9.0
0.8951746,-0.9772593,8.0
1.1346816,-0.9748434,8.0
1.7590299,-2.809607,6.0
0.63757867,0.26147607,10.0
0.4452206,1.9544743,0.0
2.3394275,0.9827862,9.0
1.8932704,-2.623968,6.0
-0.8819077,0.4255143,10.0
-1.0268798,-0.09254236,3.0
1.3067858,-0.036416717,10.0
0.9641897,-0.6459126,7.0
-2.1943364,0.5628425,10.0
-0.8463791,0.28694776,10.0
-1.972959,-2.005922,1.0
-1.6734054,-1.7671647,1.0
1.0821126,2.1758027,10.0
1.2426071,2.0804243,10.0
0.88225025,-1.1479576,7.0
-1.3997611,1.4988345,10.0
-1.4189434,0.12729487,10.0
1.3220291,1.3122447,10.0
-1.5411462,2.0721827,10.0
1.4077926,-0.42746893,8.0
-0.8588903,-0.46821207,10.0
0.42912623,1.0991737,10.0
-0.6224559,0.40715754,3.0
1.5663006,0.0660715,5.0
0.7983375,-0.55918014,10.0
-4.4532704,-2.0694056,4.0
1.2437266,-0.5819222,8.0
-0.5823226,-0.44837922,10.0
-0.525478,-0.2733176,10.0
0.19574603,1.1589161,10.0
-0.76832795,1.0851021,10.0
-0.4970308,0.44861206,10.0
1.9830691,0.09621283,9.0
-0.113828,3.1620204,10.0
1.5274253,2.5559852,10.0
1.8493327,0.54723394,5.0
-1.1818725,0.22688675,10.0
-1.6156539,-0.69908035,10.0
-4.080277,-1.5540972,4.0
1.0064111,-0.8967585,8.0
-0.23402277,-0.38807964,10.0
-4.0390067,-1.6613722,4.0
0.37123773,1.9265908,0.0
2.0978632,0.6159807,9.0
-0.007997398,-0.6101799,10.0
-1.3395241,-1.2913073,10.0
1.504096,0.60442215,9.0
-0.18803294,0.2940304,10.0
-0.45441487,-1.7869617,10.0
1.1713449,-1.188133,10.0
-0.08797925,-0.7016671,10.0
1.0351616,1.5224577,10.0
0.21150424,-0.42561358,10.0
2.0898464,0.61917293,10.0
2.1082845,-2.7395828,6.0
-1.7757907,-1.1671321,10.0
1.7093009,-3.0513864,6.0
-1.1062794,4.4003167,2.0
2.414461,0.29506356,9.0
1.3828133,-0.2786651,10.0
-2.2389677,-0.52114475,10.0
2.23645,0.4215514,9.0
-1.0585341,-0.10972295,3.0
-1.0055597,-0.31522122,3.0
-0.8550917,3.857327,10.0
1.442298,-1.909115,10.0
-1.7805283,-0.9990929,10.0
1.493347,-0.34709314,8.0
1.7713572,-1.7594072,10.0
1.9161584,0.18495624,10.0
-0.203872,1.8738309,0.0
-0.99343497,0.3038535,3.0
-1.6140896,-1.2742635,1.0
0.05173815,1.4100064,0.0
0.014621995,-2.0638273,10.0
1.1775525,0.29364818,10.0
1.470329,1.1368426,5.0
2.0621777,-2.621885,6.0
-0.028279243,0.84913504,0.0
1.4348966,-2.669831,6.0
0.8666488,0.5641114,10.0
2.981679,-0.5726857,10.0
-0.38406834,0.4935347,10.0
-3.0049553,0.56208915,10.0
1.6587033,0.69106114,5.0
-0.034095377,1.6230438,0.0
0.9347232,-0.99549395,7.0
-0.8083481,3.7763064,2.0
-0.9205464,0.22361386,10.0
2.4184384,0.29006553,9.0
2.0882914,0.41098768,9.0
-2.095553,1.0807014,10.0
-0.9494901,4.1018634,2.0
1.736711,-1.1451383,8.0
-1.6893712,-1.3739692,1.0
-0.806276,0.77645236,10.0
1.3617061,-0.7636222,8.0
-1.4105138,-1.5907149,1.0
-2.8161774,-0.25625995,10.0
1.7323557,-2.8194299,6.0
1.4244392,-2.7938693,6.0
0.8951201,-0.9159574,7.0
3.2019153,-1.9176114,10.0
-3.9786825,-1.0921527,4.0
-3.9254134,-1.9451315,4.0
-1.0674496,1.4419465,10.0
2.0059512,-3.1588402,6.0
-1.4160706,1.1350967,10.0
0.3626926,0.58235097,10.0
1.1720492,0.80298865,5.0
-0.7740655,0.62505233,10.0
0.17976588,1.6772262,10.0
-0.846064,-0.20409404,3.0
0.16736358,1.6017363,0.0
-0.41025594,-0.80461305,10.0
1.1658835,-0.38690302,10.0
0.7581953,-1.254241,7.0
-1.5449545,-1.8257102,1.0
-0.06920496,-0.2917016,10.0
0.562977,0.018979616,10.0
2.1204762,-2.538939,6.0
1.3167697,-1.0283455,8.0
0.9199455,-0.6700051,8.0
-0.05115491,1.7096974,0.0
2.034901,-3.189448,10.0
-0.90068716,0.14404334,3.0
-3.727157,-1.5992112,4.0
-2.9683154,-0.49870735,10.0
-0.9914026,0.4027178,10.0
-0.6115904,4.4548965,2.0
0.60382056,-0.2406575,10.0
-0.392407,0.39533815,10.0
-0.4845762,4.222015,2.0
-0.2835832,1.4472347,0.0
0.66798,0.43883765,10.0
-1.2541434,4.4271774,2.0
-0.82302266,0.42265776,3.0
-0.774122,-0.8048072,10.0
-0.9025061,4.0622735,2.0
1.651527,1.7663606,10.0
-1.0610152,-0.24231204,3.0
-1.0956331,4.2339697,2.0
1.1692957,-0.96015966,10.0
-0.13837485,-0.23448947,10.0
1.0805635,0.1416005,10.0
2.4404984,-1.5229942,10.0
1.2253927,-1.3866876,10.0
-0.6394948,2.2197342,10.0
0.20004395,-2.435871,10.0
-0.85943747,0.101141214,3.0
1.8530416,0.3468942,9.0
1.3378049,-2.6028547,6.0
1.0961379,-1.090121,7.0
-0.81426036,0.13722079,3.0
-0.26685736,1.3822215,0.0
0.39581698,0.88795954,10.0
0.7215014,3.045577,10.0
1.4576353,-0.74921674,8.0
-4.4170976,-2.3280485,10.0
-3.0847492,-1.1964941,10.0
-1.6643709,-1.266456,1.0
-0.90974164,0.8741076,10.0
-0.94827706,-0.12170167,3.0
0.11364283,0.3187554,10.0
1.9987615,0.7008228,9.0
-0.7194325,-0.22651626,3.0
-0.79465127,1.289332,10.0
1.4794031,-0.364401,10.0
1.5596951,0.58787596,5.0
1.5135953,-1.3759898,10.0
1.1931274,-0.64114344,7.0
0.88521266,-0.11138262,10.0
-1.0667882,4.6014795,2.0
-0.9869347,1.2774144,10.0
0.08943239,-0.20957056,10.0
0.73603505,-1.3044478,10.0
0.18137026,0.41309664,10.0
2.4433637,0.2791199,9.0
-1.9715149,-1.3006085,10.0
1.4980512,0.16572681,10.0
1.9192134,3.3042803,10.0
-1.3517075,4.0558677,2.0
-1.0204519,-0.3171016,10.0
-0.5847211,0.44230902,10.0
-1.682442,-1.1856713,1.0
-0.09818672,-2.6815588,10.0
-0.076415494,1.0713203,0.0
-1.0827154,-1.5180979,10.0
1.5809628,0.32878968,10.0
1.1541868,-0.7590871,8.0
-0.90275085,0.105029404,10.0
0.28008983,0.09321965,10.0
-0.74776495,0.34333155,10.0
-0.25678,-1.178995,10.0
0.07765995,-0.60813004,10.0
-0.15275131,0.28580758,10.0
-1.485554,-2.0147634,1.0
0.16506343,-0.66740507,10.0
1.1531937,-1.217821,8.0
-0.3667506,-1.8222786,10.0
1.2588707,-0.7216772,8.0
1.8402398,-3.0009952,6.0
2.1678605,-0.2456692,9.0
-1.913941,1.2236574,10.0
-2.8885255,1.6491902,10.0
-1.2784749,-0.0027530226,3.0
0.59867376,-1.8833575,10.0
2.0196316,0.09922594,9.0
-3.7322593,-1.9523666,4.0
-0.90251493,3.989891,2.0
1.7867126,0.65029615,5.0
1.2257243,-1.3097272,7.0
1.2438291,0.25802237,10.0
-0.58209676,-0.22232676,10.0
-1.4216096,-1.6829996,1.0
-0.15809321,1.7059436,0.0
1.2266351,0.93065226,5.0
-0.95748335,-0.35663864,3.0
-4.0142646,-1.0957844,4.0
-0.0040618554,1.2386104,10.0
2.2356603,-2.586425,6.0
1.8822304,-2.6636744,6.0
1.4248607,0.9648024,10.0
-1.9403588,-1.5013527,10.0
-0.85712856,4.467127,2.0
-0.92522496,0.75080556,10.0
-0.32081333,-1.3985959,10.0
1.5420973,-2.882102,6.0
-0.42636454,0.6304423,10.0
-4.03026,-1.5044006,4.0
-0.10534709,1.9052119,10.0
-1.3051904,4.2423787,2.0
1.8419453,-0.2132601,10.0
1.937492,-2.8921216,6.0
1.8092114,0.608346,5.0
2.0590253,-2.6300948,6.0
-1.132298,1.5048372,10.0
-1.8364891,-1.3017365,1.0
0.09686864,-1.518642,10.0
-2.0362897,-1.3053824,1.0
-0.6152456,0.3819991,10.0
1.7102661,-2.7681603,6.0
1.9358898,0.080655,9.0
-0.41166642,0.16742511,10.0
2.276232,0.11482454,9.0
1.0588351,-0.05026687,10.0
-0.7717656,3.9426496,2.0
2.0020485,-0.921419,8.0
-0.10460921,-1.0044035,10.0
1.6662409,0.47141692,5.0
1.5979024,0.5590958,5.0
0.7125283,-1.717562,10.0
-0.5957294,-0.4748377,10.0
2.3421018,-2.772049,6.0
1.1933634,0.65068215,10.0
1.0508182,0.39462587,10.0
-0.8571899,1.2643965,10.0
-2.4933212,1.6624676,10.0
-1.1629802,2.2827902,10.0
0.11439805,-0.38928455,10.0
-1.5932256,0.1751361,10.0
-1.0686116,-0.024367336,3.0
-0.052460898,-0.9185335,10.0
-0.031248422,0.6828732,10.0
-0.00458776,-2.008427,10.0
1.3336669,2.3453188,10.0
-4.4084826,-2.148029,4.0
-2.0384731,-1.3040789,1.0
0.946667,-0.6831952,7.0
-1.09656,-0.015466004,10.0
0.33023295,-1.6441703,10.0
-2.135937,-1.7842261,1.0
0.0021623464,1.4730976,0.0
0.64414775,-0.90376824,10.0
-1.3136983,-0.91137695,10.0
-2.5045733,1.6809446,10.0
1.0473078,0.6959437,5.0
2.2365174,0.34479898,9.0
0.4026683,-1.0596213,7.0
0.95369637,-1.1203266,7.0
-0.17864856,-2.12197,10.0
-0.061690193,-0.40060765,10.0
-0.22435828,1.3942596,0.0
-0.5547437,4.2751374,2.0
-1.3960688,-0.2549807,3.0
-4.265447,-1.8637149,4.0
1.0449189,0.069973856,10.0
0.8802502,-0.13370855,10.0
-0.09812457,1.6916169,0.0
-0.09379058,-0.16584532,10.0
0.86979115,-0.58173424,10.0
-2.3701165,-0.09186496,10.0
-0.9984981,-0.26513603,3.0
-1.5708301,-1.2803546,1.0
0.6563465,2.304826,10.0
0.5967465,-0.6392419,10.0
1.6858512,-1.0712771,8.0
-1.3222377,0.050073467,10.0
-1.3872626,-0.06478684,10.0
0.80019194,3.960468,10.0
2.7312999,-0.009527382,10.0
-4.669498,-2.0895586,4.0
-0.55445266,-1.5653336,10.0
-1.4356177,0.60809875,10.0
-1.190608,4.2143188,2.0
-2.1967885,-0.9285526,10.0
-0.93001074,-0.36239433,10.0
1.9307562,1.0256141,5.0
1.2772881,-0.7883189,8.0
0.91780585,-2.0125756,10.0
-1.5273224,-2.0734327,10.0
1.7033259,2.6577494,10.0
3.5601687,1.8732779,10.0
-0.6639374,-1.6465938,10.0
0.62327003,-2.3730888,10.0
-0.7136844,-0.4346871,10.0
-0.69911635,4.270254,2.0
0.6221206,-1.3422866,10.0
-3.8314645,-0.57957596,10.0
1.8297985,0.98244226,5.0
-1.9628811,0.9309632,10.0
0.5169413,0.81496954,10.0
0.022543097,-0.4917585,10.0
1.3694204,0.6540806,5.0
-1.1704514,-0.5879258,10.0
-4.2163687,-1.5679092,4.0
-4.2594786,-1.9239413,4.0
0.438232,1.3192533,10.0
-1.6498661,-1.7713196,1.0
-2.1700442,-1.6645443,1.0
-0.40285128,-0.5637717,10.0
-4.219466,-1.5741792,4.0
-1.6917033,-1.1734978,10.0
2.3569355,0.3849068,10.0
-1.0366354,4.4132013,2.0
0.09702151,-1.6539212,10.0
-1.6824183,0.08607152,10.0
2.156295,-0.24016708,9.0
2.027354,-2.6668863,6.0
1.3651613,-0.6703997,10.0
-0.95074815,0.4858701,3.0
-4.242211,-1.6628798,4.0
0.9232425,-1.0890503,7.0
-0.18030266,0.47138688,10.0
0.036353514,1.9637673,0.0
-0.5343787,0.6296334,3.0
0.6663967,-2.2930667,10.0
1.5965077,-1.2699524,10.0
-1.449261,-3.3373175,10.0
-4.109919,-1.3143986,4.0
1.9399924,-0.2896125,10.0
2.4268847,1.4071437,10.0
-1.1297435,-0.29300755,3.0
0.9035079,-1.1297925,10.0
-0.23100577,-1.8662661,10.0
-1.5711087,-1.1554602,1.0
-0.007013068,1.6110107,0.0
1.9631845,-0.06228393,9.0
-0.95838654,-0.21896544,10.0
-0.2324798,-1.7494184,10.0
-0.7560849,2.0503788,0.0
-0.21117891,1.6875021,0.0
1.9440286,0.45458087,9.0
0.2564915,-0.8482691,10.0
2.010924,-2.38038,6.0
0.18008198,-0.42159507,10.0
-0.28167906,1.4078376,0.0
0.2501231,-1.0405691,10.0
0.7487387,1.2026995,10.0
1.0622262,-0.96422887,8.0
0.28573525,1.5650904,0.0
-0.43594313,1.6156398,0.0
-0.8550888,4.560796,2.0
1.5446265,0.0038192354,9.0
-0.4794616,-0.36777827,3.0
-0.12284728,1.5601823,0.0
-0.85274744,-0.027637802,3.0
1.4868424,0.26848283,10.0
1.8475405,-2.305501,6.0
-0.9348992,-0.3197582,10.0
1.6255745,-1.2648305,8.0
-1.5062711,-1.6189609,1.0
-0.9992135,4.1167836,2.0
-0.37831208,1.1622844,10.0
-0.020611955,0.9679579,10.0
1.5035325,-0.0715353,10.0
1.487305,-2.4474053,10.0
-3.9716496,-1.865966,4.0
1.2738323,0.09434536,10.0
-0.31558362,1.0997549,0.0
0.12787305,0.016949473,10.0
-0.96719146,4.2511635,2.0
0.73040533,-0.05797785,10.0
-3.7927659,-1.4771596,4.0
-1.0611638,-0.5084294,3.0
-0.60295093,0.37992,3.0
1.0727229,0.34616986,10.0
-1.1495056,0.15714279,10.0
1.5711321,-0.95833445,8.0
-4.3300734,-1.4877517,4.0
2.0997553,-3.3295324,6.0
0.80643123,-1.5262843,10.0
1.0511699,-1.2917566,7.0
-1.4523014,0.9867475,10.0
1.548517,0.8807715,10.0
-0.30492127,-2.243371,10.0
0.219836,2.0778933,0.0
0.19832449,1.4964252,10.0
1.1426849,2.7211528,10.0
-0.14102636,0.8448541,10.0
-1.0574604,-0.36503184,3.0
2.1596117,-0.65839064,10.0
1.9669181,0.5871724,9.0
0.7393377,-0.8485919,7.0
-1.3749316,-0.21962917,3.0
1.6091282,-2.6506221,6.0
-1.7444803,-2.0103035,1.0
1.4074662,-0.46485573,8.0
1.2520975,-1.043757,8.0
-0.24671452,1.4311899,0.0
0.88507694,0.041844968,10.0
2.835325,0.6154189,10.0
1.9780233,0.58631444,9.0
1.9184285,2.3567393,10.0
-0.50762284,1.6627926,0.0
-0.85177195,3.848282,2.0
0.41339514,1.1017962,10.0
-1.4602904,4.326662,2.0
2.9144173,-1.8073877,10.0
-0.9658979,-0.41277176,3.0
1.1124612,-0.4548664,10.0
-0.44934776,1.3837785,0.0
0.000327201,1.6517547,0.0
-1.2626244,-0.08123619,3.0
2.1670473,-2.56982,6.0
-1.1751018,-0.57322735,3.0
0.85116595,-0.3989492,10.0
1.9186515,-0.902157,10.0
1.1416584,-1.3446382,10.0
0.47009346,2.0528717,10.0
2.7221258,0.014644711,10.0
-0.2235236,-0.42900556,10.0
0.3508381,0.5519331,10.0
-0.3578682,-0.3319194,10.0
1.8073012,1.0818114,10.0
-0.89936787,-0.06353773,3.0
-3.90938,-1.7607396,4.0
0.32812464,0.23469731,10.0
-0.5663137,1.6083468,0.0
-3.8551137,-1.8004107,4.0
1.1056921,1.007355,10.0
2.1933138,0.16758533,9.0
-4.0072584,-1.3698835,4.0
0.26204056,0.9190186,10.0
1.176868,-0.52104384,8.0
-2.5501611,1.472053,10.0
-2.26631,0.2021104,10.0
-0.057336587,0.88324505,10.0
-4.327697,-1.7360419,4.0
-0.9077722,3.0334897,10.0
-4.0239224,-1.6391045,4.0
0.33905768,-1.0072554,7.0
-0.48290315,0.805904,10.0
-1.4929922,-1.9798515,10.0
-0.49357846,-0.9875507,10.0
0.17470199,1.3841244,10.0
-0.890245,4.394105,2.0
2.3683403,-2.8388755,6.0
1.3024188,-1.1914777,7.0
0.7874107,-1.4109106,10.0
1.7314872,-2.512166,6.0
-1.1882832,0.38967583,3.0
1.889287,-0.66791105,10.0
